id,forecastVolum
1,284
2,359
3,164
4,368
5,401
6,179
7,442
8,217
9,2553
10,360
11,722
12,200
13,311
14,336
15,647
16,431
17,301
18,265
19,610
20,98
21,296
22,265
23,322
24,323
25,222
26,297
27,664
28,395
29,905
30,334
31,6371
32,792
33,1569
34,454
35,702
36,758
37,1331
38,760
39,659
40,1039
41,1338
42,252
43,384
44,573
45,152
46,291
47,270
48,419
49,487
50,168
51,412
52,180
53,1676
54,218
55,486
56,141
57,438
58,367
59,412
60,295
61,264
62,137
63,538
64,191
65,292
66,290
67,137
68,232
69,120
70,110
71,398
72,257
73,318
74,136
75,3139
76,354
77,846
78,275
79,372
80,446
81,1042
82,487
83,486
84,417
85,336
86,133
87,197
88,150
89,188
90,3990
91,557
92,101
93,1547
94,1814
95,3487
96,1830
97,1557
98,2124
99,2040
100,949
101,3708
102,4168
103,1356
104,1535
105,1700
106,492
107,971
108,262
109,1746
110,495
111,347
112,535
113,507
114,113
115,1036
116,1331
117,1812
118,551
119,5727
120,719
121,1576
122,880
123,2397
124,2907
125,864
126,1303
127,1408
128,314
129,316
130,632
131,596
132,388
133,1393
134,227
135,187
136,1652
137,317
138,403
139,1326
140,340
141,1250
142,149
143,1340
144,246
145,882
146,875
147,898
148,299
149,203
150,200
151,337
152,114
153,350
154,241
155,321
156,56
157,32
158,56
159,229
160,378
161,305
162,44
163,203
164,81
165,824
166,189
167,126
168,236
169,483
170,216
171,219
172,91
173,41
174,57
175,123
176,18
177,855
178,315
179,283
180,501
181,896
182,920
183,1000
184,370
185,834
186,284
187,1344
188,786
189,676
190,966
191,930
192,1015
193,1038
194,434
195,262
196,379
197,347
198,146
199,703
200,296
201,291
202,78
203,1189
204,1871
205,2406
206,473
207,995
208,611
209,2962
210,1376
211,1284
212,2320
213,1619
214,1199
215,1182
216,784
217,295
218,369
219,491
220,144
221,75
222,404
223,229
224,203
225,1172
226,781
227,1692
228,501
229,1081
230,799
231,835
232,876
233,1242
234,2302
235,1301
236,951
237,1009
238,509
239,199
240,590
241,1223
242,120
243,52
244,445
245,306
246,57
247,737
248,595
249,1219
250,751
251,894
252,528
253,562
254,565
255,1368
256,1448
257,500
258,564
259,685
260,284
261,330
262,351
263,873
264,217
265,103
266,1028
267,580
268,64
269,1546
270,1086
271,2093
272,809
273,901
274,733
275,1259
276,847
277,1966
278,2215
279,795
280,994
281,1111
282,470
283,313
284,431
285,876
286,440
287,303
288,1318
289,907
290,228
291,2315
292,2060
293,3338
294,806
295,1849
296,866
297,2727
298,1333
299,2353
300,4415
301,1803
302,1721
303,2062
304,617
305,872
306,848
307,1058
308,622
309,657
310,451
311,502
312,938
313,766
314,960
315,1248
316,788
317,428
318,153
319,1504
320,343
321,1646
322,1164
323,693
324,365
325,449
326,296
327,224
328,421
329,639
330,84
331,54
332,1061
333,726
334,249
335,1897
336,301
337,2188
338,791
339,1542
340,469
341,612
342,343
343,2359
344,1622
345,506
346,430
347,1278
348,361
349,908
350,168
351,640
352,1039
353,1905
354,860
355,398
356,323
357,1752
358,1614
359,2293
360,874
361,869
362,392
363,2600
364,1081
365,2376
366,3003
367,1241
368,1137
369,1288
370,662
371,399
372,745
373,878
374,218
375,292
376,560
377,610
378,98
379,1145
380,855
381,2881
382,1501
383,421
384,303
385,1153
386,453
387,2800
388,1986
389,535
390,238
391,441
392,230
393,638
394,288
395,834
396,472
397,358
398,435
399,617
400,1063
401,1475
402,742
403,2109
404,487
405,837
406,288
407,1416
408,424
409,2047
410,1739
411,875
412,625
413,592
414,499
415,758
416,483
417,625
418,923
419,457
420,344
421,149
422,214
423,578
424,571
425,681
426,109
427,571
428,146
429,928
430,411
431,431
432,488
433,935
434,489
435,554
436,333
437,178
438,236
439,212
440,147
441,362
442,435
443,454
444,340
445,1611
446,1076
447,1586
448,468
449,647
450,258
451,1854
452,484
453,2107
454,1862
455,1277
456,769
457,546
458,466
459,537
460,347
461,470
462,560
463,481
464,204
465,186
466,432
467,472
468,448
469,1089
470,167
471,466
472,129
473,1312
474,239
475,977
476,770
477,1076
478,312
479,280
480,242
481,211
482,79
483,238
484,199
485,37
486,50
487,66
488,39
489,165
490,356
491,596
492,211
493,84
494,68
495,196
496,69
497,538
498,320
499,64
500,151
501,170
502,36
503,126
504,79
505,118
506,95
507,825
508,273
509,115
510,783
511,765
512,440
513,669
514,139
515,1320
516,175
517,1833
518,292
519,437
520,361
521,1627
522,395
523,360
524,554
525,307
526,277
527,271
528,102
529,381
530,170
531,94
532,277
533,468
534,219
535,378
536,112
537,631
538,134
539,851
540,174
541,224
542,215
543,764
544,269
545,230
546,281
547,144
548,141
549,152
550,68
551,882
552,327
553,162
554,962
555,756
556,400
557,684
558,203
559,1373
560,203
561,1518
562,284
563,411
564,366
565,1383
566,460
567,371
568,555
569,316
570,274
571,279
572,108
573,108
574,35
575,22
576,105
577,75
578,71
579,150
580,20
581,129
582,24
583,283
584,19
585,99
586,67
587,253
588,51
589,44
590,28
591,38
592,21
593,47
594,17
595,609
596,199
597,188
598,653
599,644
600,476
601,628
602,166
603,813
604,136
605,1602
606,320
607,492
608,477
609,1446
610,469
611,438
612,337
613,424
614,195
615,356
616,137
617,319
618,146
619,92
620,194
621,277
622,202
623,373
624,84
625,503
626,94
627,695
628,138
629,225
630,199
631,729
632,298
633,197
634,191
635,105
636,83
637,122
638,53
639,498
640,226
641,171
642,795
643,570
644,320
645,630
646,137
647,1186
648,199
649,1250
650,288
651,420
652,407
653,1069
654,527
655,375
656,304
657,313
658,185
659,305
660,125
661,595
662,263
663,65
664,538
665,616
666,388
667,529
668,75
669,1422
670,139
671,1397
672,216
673,518
674,331
675,1733
676,325
677,420
678,370
679,258
680,222
681,229
682,86
683,219
684,758
685,165
686,100
687,574
688,1295
689,2100
690,530
691,2582
692,1909
693,1571
694,546
695,1211
696,3900
697,753
698,656
699,1072
700,331
701,419
702,185
703,696
704,373
705,422
706,198
707,333
708,81
709,548
710,332
711,782
712,155
713,145
714,74
715,1003
716,260
717,563
718,530
719,425
720,183
721,347
722,195
723,65
724,110
725,509
726,74
727,804
728,147
729,56
730,128
731,158
732,124
733,253
734,49
735,99
736,29
737,361
738,65
739,173
740,182
741,232
742,164
743,110
744,74
745,39
746,65
747,121
748,26
749,233
750,69
751,126
752,459
753,514
754,268
755,812
756,193
757,1766
758,343
759,926
760,287
761,539
762,369
763,660
764,625
765,503
766,730
767,248
768,317
769,210
770,94
771,209
772,362
773,501
774,578
775,825
776,246
777,721
778,313
779,1832
780,330
781,605
782,307
783,911
784,730
785,573
786,1313
787,630
788,351
789,584
790,502
791,560
792,299
793,55
794,130
795,87
796,35
797,272
798,156
799,219
800,69
801,535
802,157
803,423
804,224
805,189
806,293
807,337
808,180
809,261
810,156
811,130
812,126
813,77
814,65
815,196
816,214
817,321
818,222
819,737
820,491
821,1785
822,730
823,6051
824,1497
825,1699
826,1071
827,1507
828,1473
829,1006
830,904
831,1246
832,916
833,1196
834,395
835,311
836,536
837,283
838,589
839,440
840,320
841,581
842,464
843,1300
844,461
845,3042
846,416
847,1049
848,435
849,1107
850,1178
851,919
852,1444
853,606
854,627
855,889
856,284
857,487
858,655
859,120
860,376
861,204
862,103
863,359
864,393
865,553
866,238
867,1727
868,258
869,798
870,298
871,517
872,658
873,736
874,759
875,373
876,428
877,323
878,150
879,237
880,220
881,166
882,13
883,24
884,291
885,46
886,62
887,348
888,114
889,837
890,28
891,335
892,45
893,272
894,184
895,368
896,49
897,42
898,66
899,128
900,19
901,44
902,47
903,170
904,295
905,135
906,155
907,423
908,279
909,504
910,178
911,2772
912,292
913,665
914,288
915,456
916,460
917,722
918,515
919,447
920,552
921,293
922,139
923,144
924,138
925,285
926,146
927,216
928,437
929,332
930,337
931,943
932,314
933,2329
934,161
935,908
936,250
937,777
938,596
939,1222
940,534
941,510
942,452
943,831
944,135
945,200
946,367
947,260
948,68
949,39
950,340
951,257
952,135
953,208
954,44
955,399
956,43
957,233
958,71
959,132
960,121
961,126
962,129
963,120
964,100
965,75
966,120
967,135
968,53
969,112
970,101
971,64
972,25
973,207
974,398
975,378
976,89
977,326
978,57
979,511
980,300
981,287
982,491
983,531
984,256
985,208
986,166
987,48
988,46
989,77
990,30
991,49
992,99
993,67
994,54
995,195
996,284
997,419
998,47
999,133
1000,37
1001,393
1002,186
1003,345
1004,439
1005,385
1006,254
1007,305
1008,98
1009,95
1010,48
1011,117
1012,51
1013,258
1014,108
1015,51
1016,143
1017,633
1018,759
1019,805
1020,108
1021,782
1022,166
1023,1937
1024,535
1025,456
1026,1583
1027,1063
1028,514
1029,445
1030,365
1031,138
1032,285
1033,230
1034,72
1035,46
1036,172
1037,298
1038,29
1039,556
1040,395
1041,1443
1042,794
1043,349
1044,263
1045,479
1046,229
1047,1722
1048,1243
1049,670
1050,294
1051,383
1052,267
1053,568
1054,106
1055,382
1056,314
1057,213
1058,311
1059,178
1060,208
1061,551
1062,788
1063,633
1064,173
1065,461
1066,157
1067,892
1068,514
1069,664
1070,1118
1071,1096
1072,532
1073,409
1074,245
1075,120
1076,207
1077,298
1078,71
1079,236
1080,170
1081,40
1082,52
1083,256
1084,242
1085,468
1086,70
1087,309
1088,112
1089,664
1090,145
1091,410
1092,358
1093,353
1094,194
1095,139
1096,200
1097,51
1098,104
1099,150
1100,41
1123,391
1124,213
1125,48
1126,85
1127,602
1128,618
1129,420
1130,60
1131,1137
1132,209
1133,1207
1134,372
1135,355
1136,519
1137,908
1138,423
1139,392
1140,531
1141,83
1142,309
1143,163
1144,58
1145,315
1146,378
1147,226
1148,426
1149,697
1150,288
1151,703
1152,167
1153,1095
1154,211
1155,611
1156,202
1157,604
1158,583
1159,389
1160,358
1161,399
1162,226
1163,198
1164,423
1165,268
1166,259
1167,175
1168,260
1169,174
1170,73
1171,694
1172,1035
1173,904
1174,267
1175,700
1176,469
1177,1059
1178,420
1179,692
1180,1682
1181,448
1182,392
1183,743
1184,358
1185,127
1186,343
1187,551
1188,81
1189,38
1190,100
1191,189
1192,33
1193,176
1194,222
1195,429
1196,98
1197,43
1198,29
1199,134
1200,150
1201,231
1202,398
1203,63
1204,232
1205,627
1206,21
1207,68
1208,113
1209,324
1210,82
1211,87
1212,384
1213,323
1214,102
1215,1152
1216,433
1217,668
1218,641
1219,538
1220,243
1221,598
1222,336
1223,1118
1224,1012
1225,345
1226,309
1227,491
1228,166
1229,141
1230,594
1231,668
1232,100
1233,285
1234,794
1235,717
1236,249
1237,1899
1238,869
1239,965
1240,458
1241,1146
1242,349
1243,1411
1244,506
1245,1267
1246,1970
1247,886
1248,673
1249,1240
1250,416
1251,222
1252,1517
1253,920
1254,193
1255,21
1256,959
1257,48
1258,90
1259,443
1260,142
1261,388
1262,115
1263,351
1264,40
1265,457
1266,78
1267,456
1268,593
1269,266
1270,332
1271,266
1272,79
1273,135
1274,464
1275,140
1276,28
1277,50
1278,139
1279,89
1280,85
1281,555
1282,176
1283,344
1284,134
1285,219
1286,156
1287,346
1288,125
1289,545
1290,478
1291,151
1292,65
1293,248
1294,83
1295,27
1296,603
1297,364
1298,9
1299,527
1300,74
1301,97
1302,67
1303,408
1304,474
1305,489
1306,200
1307,347
1308,152
1309,876
1310,340
1311,383
1312,932
1313,322
1314,337
1315,363
1316,114
1317,54
1318,77
1319,181
1320,25
1321,125
1322,120
1323,72
1324,68
1325,262
1326,220
1327,151
1328,43
1329,563
1330,245
1331,400
1332,100
1333,127
1334,125
1335,413
1336,246
1337,403
1338,138
1339,82
1340,124
1341,276
1342,65
1343,177
1344,180
1345,105
1346,267
1347,218
1348,92
1349,274
1350,132
1351,1385
1352,211
1353,455
1354,86
1355,204
1356,194
1357,409
1358,226
1359,151
1360,148
1361,446
1362,63
1363,188
1364,187
1365,258
1366,250
1367,156
1368,221
1369,502
1370,276
1371,683
1372,224
1373,4281
1374,546
1375,1369
1376,297
1377,510
1378,503
1379,1127
1380,509
1381,434
1382,830
1383,1163
1384,197
1385,278
1386,516
1387,90
1388,202
1389,157
1390,250
1391,255
1392,90
1393,242
1394,105
1395,1001
1396,131
1397,299
1398,74
1399,270
1400,225
1401,258
1402,184
1403,150
1404,73
1405,331
1406,116
1407,191
1408,163
1409,94
1410,137
1411,75
1412,74
1413,251
1414,155
1415,210
1416,88
1417,1913
1418,232
1419,655
1420,161
1421,297
1422,308
1423,803
1424,274
1425,294
1426,263
1427,247
1428,90
1429,127
1430,104
1431,123
1432,2322
1433,388
1434,56
1435,1120
1436,1285
1437,2105
1438,1057
1439,1103
1440,1198
1441,1652
1442,568
1443,2589
1444,2316
1445,1232
1446,864
1447,992
1448,396
1449,731
1450,183
1451,887
1452,396
1453,133
1454,352
1455,273
1456,56
1457,586
1458,701
1459,974
1460,316
1461,2739
1462,405
1463,910
1464,410
1465,1444
1466,1546
1467,451
1468,631
1469,789
1470,160
1471,212
1472,307
1473,280
1474,247
1475,905
1476,158
1477,115
1478,1096
1479,251
1480,297
1481,960
1482,227
1483,712
1484,94
1485,917
1486,165
1487,646
1488,588
1489,707
1490,203
1491,139
1492,160
1493,253
1494,100
1495,248
1496,155
1497,163
1498,32
1499,18
1500,37
1501,125
1502,179
1503,164
1504,24
1505,74
1506,40
1507,513
1508,100
1509,73
1510,126
1511,284
1512,105
1513,105
1514,40
1515,22
1516,37
1517,61
1518,12
1519,466
1520,200
1521,169
1522,279
1523,505
1524,470
1525,523
1526,209
1527,401
1528,156
1529,806
1530,421
1531,397
1532,555
1533,496
1534,526
1535,501
1536,212
1537,162
1538,211
1539,179
1540,100
1541,438
1542,197
1543,168
1544,45
1545,803
1546,1151
1547,1442
1548,319
1549,563
1550,378
1551,2153
1552,841
1553,866
1554,1440
1555,1066
1556,658
1557,688
1558,456
1559,182
1560,228
1561,280
1562,107
1563,33
1564,240
1565,119
1566,119
1567,720
1568,430
1569,991
1570,260
1571,536
1572,416
1573,570
1574,407
1575,758
1576,1118
1577,813
1578,410
1579,508
1580,293
1581,138
1582,388
1583,609
1584,73
1585,29
1586,260
1587,149
1588,35
1589,452
1590,329
1591,665
1592,459
1593,492
1594,313
1595,389
1596,269
1597,904
1598,733
1599,345
1600,284
1601,349
1602,178
1603,226
1604,203
1605,451
1606,146
1607,56
1608,525
1609,295
1610,38
1611,876
1612,560
1613,1068
1614,428
1615,385
1616,340
1617,799
1618,385
1619,1126
1620,1045
1621,424
1622,466
1623,453
1624,281
1625,196
1626,241
1627,372
1628,304
1629,159
1630,678
1631,453
1632,125
1633,1120
1634,915
1635,1642
1636,408
1637,775
1638,411
1639,1634
1640,549
1641,1318
1642,1788
1643,940
1644,697
1645,851
1646,367
1647,517
1648,414
1649,419
1650,396
1651,335
1652,247
1653,280
1654,558
1655,430
1656,436
1657,717
1658,419
1659,197
1660,78
1661,868
1662,155
1663,915
1664,607
1665,365
1666,168
1667,243
1668,123
1669,143
1670,219
1671,345
1672,57
1673,36
1674,727
1675,433
1676,166
1677,1621
1678,227
1679,1559
1680,495
1681,1115
1682,317
1683,497
1684,200
1685,1735
1686,1028
1687,379
1688,251
1689,638
1690,243
1691,714
1692,123
1693,391
1694,946
1695,793
1696,572
1697,258
1698,193
1699,1172
1700,921
1701,1377
1702,519
1703,488
1704,240
1705,1802
1706,564
1707,1464
1708,1642
1709,803
1710,543
1711,696
1712,402
1713,259
1714,471
1715,519
1716,161
1717,200
1718,371
1719,391
1720,59
1721,801
1722,568
1723,1815
1724,866
1725,268
1726,157
1727,885
1728,188
1729,1986
1730,1123
1731,361
1732,132
1733,239
1734,128
1735,518
1736,190
1737,477
1738,447
1739,207
1740,247
1741,354
1742,689
1743,717
1744,383
1745,1151
1746,325
1747,369
1748,144
1749,874
1750,187
1751,1338
1752,999
1753,464
1754,330
1755,290
1756,238
1757,532
1758,262
1759,334
1760,708
1761,253
1762,180
1763,73
1764,130
1765,315
1766,281
1767,389
1768,60
1769,291
1770,82
1771,558
1772,198
1773,265
1774,273
1775,508
1776,238
1777,271
1778,176
1779,111
1780,121
1781,116
1782,107
1783,240
1784,295
1785,267
1786,217
1787,1064
1788,671
1789,1000
1790,292
1791,369
1792,162
1793,1342
1794,281
1795,1460
1796,1092
1797,861
1798,388
1799,334
1800,298
1801,388
1802,226
1803,277
1804,423
1805,443
1806,159
1807,132
1808,330
1809,405
1810,365
1811,870
1812,136
1813,332
1814,91
1815,1232
1816,168
1817,816
1818,642
1819,1013
1820,236
1821,213
1822,185
1823,168
1824,65
1825,199
1826,184
1827,18
1828,25
1829,36
1830,21
1831,85
1832,178
1833,307
1834,118
1835,44
1836,37
1837,110
1838,28
1839,286
1840,141
1841,34
1842,63
1843,76
1844,17
1845,72
1846,41
1847,49
1848,59
1849,548
1850,152
1851,74
1852,503
1853,465
1854,274
1855,407
1856,98
1857,775
1858,113
1859,1162
1860,178
1861,275
1862,223
1863,1035
1864,267
1865,208
1866,294
1867,213
1868,186
1869,158
1870,85
1871,218
1872,104
1873,63
1874,168
1875,230
1876,138
1877,213
1878,64
1879,342
1880,73
1881,518
1882,96
1883,137
1884,132
1885,494
1886,161
1887,129
1888,162
1889,92
1890,75
1891,91
1892,43
1893,512
1894,206
1895,109
1896,596
1897,459
1898,208
1899,413
1900,121
1901,803
1902,131
1903,863
1904,163
1905,245
1906,226
1907,731
1908,253
1909,222
1910,279
1911,196
1912,173
1913,152
1914,85
1915,84
1916,29
1917,16
1918,89
1919,61
1920,63
1921,130
1922,13
1923,90
1924,17
1925,257
1926,14
1927,87
1928,57
1929,254
1930,41
1931,33
1932,20
1933,26
1934,17
1935,38
1936,16
1937,392
1938,134
1939,125
1940,383
1941,394
1942,266
1943,434
1944,109
1945,424
1946,70
1947,1087
1948,153
1949,351
1950,302
1951,1012
1952,241
1953,248
1954,163
1955,298
1956,128
1957,218
1958,122
1959,213
1960,98
1961,70
1962,134
1963,207
1964,135
1965,277
1966,59
1967,282
1968,69
1969,555
1970,98
1971,186
1972,148
1973,576
1974,191
1975,126
1976,113
1977,77
1978,59
1979,77
1980,44
1981,258
1982,136
1983,102
1984,472
1985,332
1986,187
1987,361
1988,70
1989,521
1990,91
1991,706
1992,123
1993,257
1994,236
1995,642
1996,273
1997,207
1998,143
1999,195
2000,107
2001,169
2002,88
2003,396
2004,191
2005,44
2006,318
2007,379
2008,260
2009,332
2010,65
2011,705
2012,93
2013,987
2014,116
2015,315
2016,248
2017,1158
2018,193
2019,240
2020,199
2021,191
2022,161
2023,167
2024,61
2025,93
2026,423
2027,100
2028,54
2029,303
2030,688
2031,1158
2032,290
2033,1312
2034,986
2035,988
2036,286
2037,785
2038,1848
2039,408
2040,308
2041,522
2042,187
2043,276
2044,103
2045,329
2046,279
2047,259
2048,129
2049,176
2050,47
2051,351
2052,178
2053,432
2054,90
2055,83
2056,40
2057,668
2058,130
2059,340
2060,288
2061,277
2062,90
2063,167
2064,111
2065,43
2066,68
2067,301
2068,56
2069,233
2070,112
2071,35
2072,70
2073,124
2074,71
2075,161
2076,30
2077,48
2078,20
2079,270
2080,32
2081,113
2082,120
2083,147
2084,50
2085,61
2086,41
2087,27
2088,48
2089,84
2090,19
2091,120
2092,45
2093,67
2094,294
2095,255
2096,136
2097,482
2098,103
2099,835
2100,170
2101,618
2102,141
2103,330
2104,188
2105,427
2106,296
2107,354
2108,344
2109,161
2110,192
2111,105
2112,83
2113,108
2114,210
2115,260
2116,339
2117,459
2118,122
2119,388
2120,160
2121,827
2122,178
2123,362
2124,148
2125,504
2126,399
2127,322
2128,609
2129,292
2130,189
2131,393
2132,285
2133,289
2134,187
2135,30
2136,78
2137,55
2138,24
2139,172
2140,81
2141,132
2142,44
2143,294
2144,82
2145,292
2146,108
2147,124
2148,155
2149,225
2150,83
2151,117
2152,91
2153,87
2154,67
2155,45
2156,44
2157,119
2158,140
2159,165
2160,162
2161,458
2162,285
2163,1037
2164,445
2165,3480
2166,915
2167,1322
2168,594
2169,960
2170,898
2171,770
2172,491
2173,695
2174,554
2175,875
2176,268
2177,167
2178,357
2179,171
2180,243
2181,246
2182,190
2183,256
2184,261
2185,721
2186,273
2187,1431
2188,192
2189,608
2190,223
2191,738
2192,704
2193,484
2194,718
2195,341
2196,328
2197,524
2198,114
2199,240
2200,381
2201,96
2202,223
2203,163
2204,70
2205,217
2206,256
2207,408
2208,166
2209,1068
2210,176
2211,590
2212,183
2213,415
2214,437
2215,519
2216,427
2217,205
2218,285
2219,235
2220,89
2221,134
2222,176
2223,105
2224,9
2225,18
2226,166
2227,26
2228,43
2229,173
2230,65
2231,390
2232,15
2233,216
2234,18
2235,161
2236,107
2237,240
2238,35
2239,22
2240,33
2241,83
2242,12
2243,17
2244,29
2245,107
2246,170
2247,83
2248,90
2249,227
2250,141
2251,318
2252,111
2253,1359
2254,156
2255,420
2256,152
2257,307
2258,256
2259,470
2260,250
2261,213
2262,304
2263,199
2264,91
2265,84
2266,112
2267,164
2268,80
2269,112
2270,235
2271,196
2272,138
2273,454
2274,179
2275,1057
2276,84
2277,502
2278,94
2279,421
2280,302
2281,629
2282,239
2283,221
2284,233
2285,458
2286,86
2287,124
2288,203
2289,126
2290,36
2291,22
2292,192
2293,142
2294,61
2295,119
2296,21
2297,174
2298,26
2299,138
2300,36
2301,86
2302,62
2303,66
2304,67
2305,65
2306,50
2307,51
2308,77
2309,69
2310,35
2311,56
2312,47
2313,32
2314,13
2315,93
2316,167
2317,204
2318,47
2319,143
2320,25
2321,299
2322,116
2323,156
2324,223
2325,279
2326,101
2327,89
2328,86
2329,30
2330,18
2331,40
2332,18
2333,18
2334,42
2335,30
2336,28
2337,74
2338,90
2339,175
2340,16
2341,39
2342,13
2343,173
2344,66
2345,153
2346,138
2347,150
2348,89
2349,102
2350,34
2351,47
2352,19
2353,54
2354,28
2355,98
2356,50
2357,28
2358,75
2359,276
2360,299
2361,371
2362,56
2363,315
2364,77
2365,967
2366,190
2367,241
2368,646
2369,549
2370,198
2371,195
2372,189
2373,80
2374,136
2375,99
2376,39
2377,21
2378,96
2379,138
2380,14
2381,254
2382,171
2383,655
2384,334
2385,166
2386,112
2387,255
2388,86
2389,888
2390,455
2391,351
2392,92
2393,142
2394,125
2395,325
2396,47
2397,159
2398,171
2399,99
2400,161
2401,86
2402,115
2403,267
2404,358
2405,345
2406,89
2407,192
2408,68
2409,501
2410,206
2411,373
2412,515
2413,543
2414,226
2415,188
2416,118
2417,67
2418,91
2419,142
2420,43
2421,115
2422,103
2423,21
2424,28
2425,165
2426,160
2427,289
2428,38
2429,176
2430,64
2431,438
2432,84
2433,275
2434,233
2435,257
2436,99
2437,80
2438,111
2439,32
2440,68
2441,91
2442,30
2465,175
2466,122
2467,27
2468,44
2469,330
2470,342
2471,236
2472,36
2473,494
2474,109
2475,730
2476,160
2477,210
2478,286
2479,546
2480,209
2481,185
2482,256
2483,57
2484,187
2485,86
2486,42
2487,175
2488,197
2489,116
2490,232
2491,347
2492,152
2493,339
2494,91
2495,454
2496,105
2497,346
2498,93
2499,345
2500,324
2501,197
2502,174
2503,210
2504,100
2505,111
2506,226
2507,139
2508,164
2509,98
2510,125
2511,74
2512,40
2513,353
2514,485
2515,442
2516,133
2517,316
2518,205
2519,586
2520,170
2521,359
2522,759
2523,253
2524,161
2525,306
2526,159
2527,71
2528,161
2529,246
2530,46
2531,15
2532,45
2533,76
2534,15
2535,72
2536,75
2537,190
2538,42
2539,17
2540,12
2541,68
2542,52
2543,114
2544,160
2545,31
2546,76
2547,216
2548,10
2549,34
2550,42
2551,136
2552,46
2553,45
2554,241
2555,159
2556,50
2557,676
2558,177
2559,326
2560,326
2561,260
2562,115
2563,332
2564,127
2565,568
2566,409
2567,188
2568,116
2569,223
2570,84
2571,87
2572,337
2573,287
2574,81
2575,110
2576,419
2577,354
2578,124
2579,899
2580,311
2581,464
2582,239
2583,440
2584,154
2585,702
2586,186
2587,673
2588,730
2589,427
2590,238
2591,484
2592,161
2593,121
2594,733
2595,419
2596,121
2597,18
2598,612
2599,43
2600,58
2601,350
2602,111
2603,264
2604,78
2605,265
2606,24
2607,403
2608,50
2609,384
2610,391
2611,232
2612,224
2613,180
2614,67
2615,116
2616,338
2617,92
2618,24
2619,28
2620,80
2621,45
2622,47
2623,325
2624,78
2625,176
2626,70
2627,107
2628,65
2629,195
2630,49
2631,292
2632,202
2633,82
2634,27
2635,107
2636,41
2637,14
2638,337
2639,168
2640,6
2641,272
2642,42
2643,42
2644,36
2645,209
2646,202
2647,250
2648,97
2649,161
2650,68
2651,492
2652,138
2653,192
2654,423
2655,173
2656,155
2657,154
2658,55
2659,31
2660,35
2661,91
2662,13
2663,71
2664,68
2665,40
2666,39
2667,148
2668,107
2669,78
2670,23
2671,272
2672,111
2673,219
2674,54
2675,65
2676,75
2677,192
2678,119
2679,194
2680,63
2681,50
2682,73
2683,157
2684,38
2685,293
2686,259
2687,162
2688,333
2689,307
2690,144
2691,425
2692,212
2693,2444
2694,312
2695,694
2696,167
2697,333
2698,285
2699,617
2700,384
2701,253
2702,246
2703,664
2704,89
2705,289
2706,326
2707,410
2708,363
2709,280
2710,320
2711,743
2712,395
2713,1097
2714,376
2715,8846
2716,975
2717,1906
2718,519
2719,864
2720,887
2721,1798
2722,804
2723,720
2724,1452
2725,1895
2726,285
2727,454
2728,1043
2729,169
2730,276
2731,247
2732,406
2733,424
2734,146
2735,396
2736,197
2737,1678
2738,208
2739,463
2740,146
2741,433
2742,367
2743,388
2744,278
2745,271
2746,105
2747,550
2748,181
2749,302
2750,270
2751,149
2752,210
2753,131
2754,113
2755,409
2756,216
2757,414
2758,166
2759,4200
2760,479
2761,1047
2762,312
2763,559
2764,600
2765,1480
2766,508
2767,572
2768,687
2769,504
2770,162
2771,233
2772,221
2773,182
2774,2368
2775,554
2776,96
2777,1168
2778,1177
2779,2231
2780,1189
2781,1603
2782,1423
2783,1620
2784,599
2785,2690
2786,2402
2787,1306
2788,1000
2789,1132
2790,484
2791,1059
2792,200
2793,1091
2794,602
2795,304
2796,514
2797,425
2798,91
2799,814
2800,964
2801,1834
2802,548
2803,5565
2804,631
2805,1525
2806,668
2807,2476
2808,2600
2809,848
2810,1010
2811,1324
2812,317
2813,361
2814,472
2815,512
2816,418
2817,1400
2818,369
2819,286
2820,1643
2821,421
2822,528
2823,1826
2824,452
2825,1579
2826,166
2827,1652
2828,291
2829,1123
2830,1185
2831,1227
2832,452
2833,342
2834,365
2835,555
2836,200
2837,459
2838,420
2839,294
2840,44
2841,30
2842,53
2843,181
2844,266
2845,290
2846,38
2847,199
2848,56
2849,699
2850,167
2851,129
2852,224
2853,428
2854,173
2855,176
2856,79
2857,46
2858,61
2859,91
2860,17
2861,790
2862,255
2863,269
2864,435
2865,703
2866,727
2867,970
2868,344
2869,733
2870,238
2871,1201
2872,730
2873,644
2874,916
2875,797
2876,937
2877,913
2878,330
2879,262
2880,306
2881,283
2882,172
2883,820
2884,333
2885,284
2886,74
2887,1361
2888,1948
2889,2804
2890,615
2891,1360
2892,738
2893,3395
2894,1775
2895,1522
2896,2766
2897,1835
2898,1272
2899,1437
2900,966
2901,403
2902,368
2903,525
2904,193
2905,66
2906,343
2907,172
2908,391
2909,802
2910,500
2911,1267
2912,395
2913,1275
2914,582
2915,751
2916,500
2917,844
2918,1357
2919,1447
2920,532
2921,705
2922,649
2923,200
2924,469
2925,840
2926,90
2927,46
2928,308
2929,210
2930,52
2931,598
2932,428
2933,840
2934,708
2935,1035
2936,437
2937,521
2938,335
2939,1029
2940,929
2941,587
2942,385
2943,508
2944,315
2945,340
2946,292
2947,561
2948,201
2949,86
2950,672
2951,463
2952,60
2953,988
2954,677
2955,1443
2956,594
2957,739
2958,588
2959,1004
2960,502
2961,1490
2962,1311
2963,630
2964,690
2965,652
2966,399
2967,298
2968,301
2969,438
2970,506
2971,243
2972,817
2973,771
2974,194
2975,1358
2976,1096
2977,2551
2978,667
2979,1603
2980,655
2981,2352
2982,761
2983,1746
2984,2350
2985,1453
2986,1079
2987,1377
2988,548
2989,962
2990,538
2991,572
2992,654
2993,568
2994,329
2995,469
2996,826
2997,579
2998,660
2999,1034
3000,612
3001,413
3002,119
3003,1183
3004,267
3005,1366
3006,938
3007,538
3008,249
3009,358
3010,197
3011,243
3012,297
3013,487
3014,90
3015,69
3016,1098
3017,700
3018,249
3019,2879
3020,328
3021,2492
3022,821
3023,2213
3024,501
3025,629
3026,320
3027,2620
3028,1672
3029,606
3030,401
3031,1046
3032,396
3033,1234
3034,177
3035,593
3036,1445
3037,2640
3038,783
3039,426
3040,679
3041,1830
3042,1447
3043,2148
3044,864
3045,1156
3046,391
3047,2550
3048,922
3049,2347
3050,2776
3051,1313
3052,962
3053,1219
3054,750
3055,471
3056,779
3057,869
3058,282
3059,345
3060,543
3061,706
3062,95
3063,1302
3064,867
3065,3041
3066,1508
3067,506
3068,273
3069,1254
3070,262
3071,3062
3072,1838
3073,569
3074,196
3075,387
3076,226
3077,923
3078,267
3079,786
3080,629
3081,346
3082,361
3083,561
3084,1061
3085,1105
3086,576
3087,2042
3088,480
3089,870
3090,222
3091,1293
3092,347
3093,2032
3094,1591
3095,821
3096,543
3097,486
3098,395
3099,860
3100,423
3101,531
3102,1264
3103,399
3104,258
3105,121
3106,198
3107,442
3108,432
3109,609
3110,85
3111,532
3112,131
3113,775
3114,315
3115,388
3116,406
3117,754
3118,364
3119,431
3120,263
3121,164
3122,180
3123,161
3124,156
3125,429
3126,422
3127,458
3128,350
3129,1536
3130,1186
3131,1835
3132,523
3133,846
3134,284
3135,2122
3136,565
3137,2531
3138,2000
3139,1526
3140,666
3141,612
3142,495
3143,710
3144,333
3145,473
3146,815
3147,686
3148,235
3149,230
3150,530
3151,587
3152,591
3153,1546
3154,203
3155,645
3156,163
3157,1784
3158,316
3159,1425
3160,1064
3161,1546
3162,376
3163,356
3164,287
3165,299
3166,94
3167,310
3168,361
3169,26
3170,30
3171,51
3172,32
3173,99
3174,219
3175,404
3176,158
3177,70
3178,44
3179,140
3180,36
3181,340
3182,182
3183,47
3184,85
3185,104
3186,28
3187,103
3188,50
3189,64
3190,87
3191,858
3192,262
3193,135
3194,755
3195,709
3196,456
3197,678
3198,165
3199,1329
3200,182
3201,1785
3202,316
3203,456
3204,368
3205,1641
3206,416
3207,364
3208,574
3209,315
3210,269
3211,258
3212,146
3213,400
3214,162
3215,107
3216,280
3217,441
3218,207
3219,369
3220,104
3221,613
3222,114
3223,829
3224,179
3225,227
3226,230
3227,823
3228,275
3229,224
3230,297
3231,139
3232,147
3233,143
3234,85
3235,761
3236,302
3237,152
3238,810
3239,640
3240,313
3241,621
3242,173
3243,1396
3244,206
3245,1257
3246,272
3247,364
3248,326
3249,1159
3250,448
3251,343
3252,465
3253,292
3254,233
3255,231
3256,124
3257,136
3258,42
3259,25
3260,131
3261,88
3262,89
3263,213
3264,28
3265,172
3266,23
3267,341
3268,23
3269,119
3270,80
3271,347
3272,61
3273,50
3274,33
3275,42
3276,23
3277,50
3278,32
3279,603
3280,208
3281,195
3282,679
3283,569
3284,471
3285,705
3286,171
3287,872
3288,143
3289,1706
3290,294
3291,527
3292,533
3293,1587
3294,434
3295,437
3296,310
3297,512
3298,195
3299,329
3300,201
3301,358
3302,145
3303,113
3304,217
3305,303
3306,213
3307,416
3308,112
3309,600
3310,109
3311,844
3312,156
3313,287
3314,249
3315,908
3316,315
3317,230
3318,202
3319,122
3320,90
3321,132
3322,77
3323,453
3324,189
3325,151
3326,832
3327,483
3328,263
3329,551
3330,125
3331,1048
3332,164
3333,1083
3334,244
3335,395
3336,355
3337,1040
3338,439
3339,358
3340,224
3341,324
3342,163
3343,239
3344,141
3345,702
3346,297
3347,89
3348,645
3349,684
3350,459
3351,678
3352,93
3353,1611
3354,176
3355,1724
3356,262
3357,630
3358,456
3359,2213
3360,408
3361,443
3362,409
3363,335
3364,305
3365,285
3366,138
3367,155
3368,454
3369,152
3370,82
3371,334
3372,646
3373,1368
3374,373
3375,2165
3376,1168
3377,1072
3378,319
3379,904
3380,1961
3381,567
3382,344
3383,606
3384,273
3385,450
3386,112
3387,420
3388,421
3389,413
3390,177
3391,276
3392,68
3393,513
3394,239
3395,720
3396,167
3397,151
3398,61
3399,963
3400,196
3401,530
3402,466
3403,459
3404,146
3405,264
3406,168
3407,65
3408,98
3409,514
3410,94
3411,363
3412,147
3413,60
3414,125
3415,183
3416,109
3417,323
3418,60
3419,108
3420,26
3421,396
3422,51
3423,204
3424,196
3425,284
3426,91
3427,111
3428,67
3429,28
3430,87
3431,165
3432,48
3433,187
3434,57
3435,112
3436,504
3437,327
3438,179
3439,987
3440,177
3441,1768
3442,271
3443,860
3444,237
3445,597
3446,282
3447,642
3448,532
3449,452
3450,679
3451,285
3452,289
3453,183
3454,124
3455,153
3456,268
3457,433
3458,541
3459,580
3460,178
3461,700
3462,299
3463,1590
3464,265
3465,513
3466,220
3467,793
3468,592
3469,485
3470,1002
3471,465
3472,292
3473,645
3474,370
3475,465
3476,359
3477,48
3478,92
3479,80
3480,34
3481,184
3482,96
3483,182
3484,62
3485,483
3486,107
3487,332
3488,132
3489,160
3490,184
3491,315
3492,100
3493,142
3494,125
3495,131
3496,75
3497,59
3498,68
3499,213
3500,190
3501,276
3502,248
3503,620
3504,468
3505,1564
3506,703
3507,6866
3508,1511
3509,1892
3510,919
3511,1321
3512,1350
3513,1340
3514,934
3515,1099
3516,995
3517,1377
3518,389
3519,281
3520,593
3521,246
3522,392
3523,400
3524,268
3525,343
3526,351
3527,1088
3528,397
3529,2625
3530,350
3531,889
3532,360
3533,1075
3534,1079
3535,765
3536,1230
3537,532
3538,509
3539,778
3540,150
3541,374
3542,626
3543,138
3544,378
3545,266
3546,110
3547,354
3548,393
3549,644
3550,276
3551,2038
3552,292
3553,909
3554,339
3555,636
3556,761
3557,855
3558,662
3559,385
3560,492
3561,413
3562,151
3563,214
3564,282
3565,168
3566,11
3567,30
3568,261
3569,33
3570,52
3571,282
3572,96
3573,727
3574,18
3575,309
3576,30
3577,245
3578,141
3579,364
3580,47
3581,29
3582,50
3583,117
3584,21
3585,37
3586,47
3587,157
3588,250
3589,123
3590,127
3591,335
3592,215
3593,531
3594,189
3595,2518
3596,247
3597,626
3598,224
3599,461
3600,441
3601,705
3602,415
3603,359
3604,504
3605,361
3606,121
3607,134
3608,218
3609,274
3610,100
3611,170
3612,323
3613,251
3614,176
3615,719
3616,251
3617,2091
3618,114
3619,767
3620,150
3621,626
3622,408
3623,961
3624,373
3625,342
3626,391
3627,771
3628,118
3629,182
3630,365
3631,230
3632,47
3633,55
3634,350
3635,208
3636,87
3637,213
3638,39
3639,357
3640,30
3641,204
3642,54
3643,130
3644,113
3645,117
3646,110
3647,109
3648,78
3649,86
3650,117
3651,120
3652,67
3653,84
3654,52
3655,41
3656,20
3657,100
3658,200
3659,265
3660,66
3661,255
3662,30
3663,333
3664,149
3665,201
3666,268
3667,338
3668,124
3669,117
3670,118
3671,43
3672,22
3673,50
3674,28
3675,26
3676,52
3677,41
3678,36
3679,77
3680,101
3681,203
3682,16
3683,89
3684,16
3685,200
3686,83
3687,181
3688,144
3689,182
3690,112
3691,141
3692,44
3693,74
3694,19
3695,66
3696,38
3697,200
3698,69
3699,38
3700,117
3701,324
3702,370
3703,515
3704,87
3705,683
3706,101
3707,1209
3708,283
3709,321
3710,823
3711,793
3712,275
3713,293
3714,279
3715,117
3716,165
3717,144
3718,63
3719,38
3720,89
3721,188
3722,17
3723,239
3724,145
3725,682
3726,437
3727,259
3728,122
3729,199
3730,88
3731,941
3732,406
3733,373
3734,95
3735,124
3736,155
3737,429
3738,46
3739,196
3740,224
3741,185
3742,185
3743,131
3744,182
3745,308
3746,472
3747,461
3748,127
3749,374
3750,93
3751,670
3752,295
3753,513
3754,733
3755,738
3756,308
3757,255
3758,175
3759,104
3760,105
3761,198
3762,64
3763,135
3764,147
3765,31
3766,41
3767,230
3768,205
3769,403
3770,61
3771,325
3772,97
3773,559
3774,137
3775,377
3776,351
3777,334
3778,145
3779,127
3780,174
3781,56
3782,95
3783,127
3784,46
3807,310
3808,162
3809,47
3810,70
3811,458
3812,471
3813,366
3814,45
3815,1038
3816,161
3817,991
3818,276
3819,308
3820,466
3821,798
3822,317
3823,321
3824,392
3825,91
3826,275
3827,121
3828,66
3829,281
3830,272
3831,185
3832,348
3833,467
3834,181
3835,534
3836,120
3837,849
3838,156
3839,458
3840,142
3841,439
3842,467
3843,279
3844,261
3845,327
3846,136
3847,216
3848,327
3849,218
3850,253
3851,133
3852,137
3853,83
3854,57
3855,368
3856,530
3857,547
3858,147
3859,653
3860,241
3861,651
3862,192
3863,400
3864,864
3865,332
3866,197
3867,394
3868,239
3869,107
3870,188
3871,299
3872,63
3873,21
3874,44
3875,90
3876,21
3877,75
3878,83
3879,255
3880,51
3881,29
3882,16
3883,77
3884,59
3885,136
3886,202
3887,41
3888,94
3889,264
3890,15
3891,48
3892,55
3893,167
3894,62
3895,67
3896,258
3897,226
3898,82
3899,867
3900,230
3901,476
3902,482
3903,460
3904,157
3905,415
3906,199
3907,806
3908,575
3909,284
3910,180
3911,307
3912,132
3913,144
3914,408
3915,453
3916,100
3917,207
3918,519
3919,498
3920,186
3921,1081
3922,342
3923,661
3924,405
3925,913
3926,209
3927,938
3928,243
3929,902
3930,886
3931,696
3932,328
3933,612
3934,272
3935,205
3936,847
3937,553
3938,197
3939,23
3940,666
3941,62
3942,82
3943,413
3944,111
3945,300
3946,98
3947,391
3948,33
3949,448
3950,59
3951,443
3952,423
3953,269
3954,274
3955,232
3956,89
3957,155
3958,361
3959,118
3960,31
3961,42
3962,94
3963,58
3964,77
3965,415
3966,97
3967,230
3968,99
3969,193
3970,96
3971,268
3972,66
3973,334
3974,254
3975,137
3976,38
3977,162
3978,61
3979,21
3980,350
3981,242
3982,10
3983,491
3984,57
3985,60
3986,57
3987,254
3988,242
3989,346
3990,135
3991,323
3992,105
3993,648
3994,201
3995,256
3996,581
3997,270
3998,223
3999,231
4000,83
4001,47
4002,52
4003,154
4004,19
4005,108
4006,99
4007,63
4008,54
4009,190
4010,153
4011,145
4012,35
4013,522
4014,176
4015,373
4016,94
4017,140
4018,124
4019,316
4020,190
4021,298
4022,105
4023,87
4024,109
4025,255
4026,79
4027,244
4028,231
4029,144
4030,251
4031,286
4032,155
4033,452
4034,178
4035,2139
4036,253
4037,579
4038,149
4039,345
4040,293
4041,574
4042,365
4043,251
4044,210
4045,600
4046,83
4047,282
4048,254
4049,336
4050,330
4051,253
4052,260
4053,654
4054,419
4055,1220
4056,355
4057,7866
4058,822
4059,1668
4060,470
4061,1031
4062,937
4063,1692
4064,727
4065,673
4066,1236
4067,1818
4068,263
4069,513
4070,691
4071,150
4072,241
4073,254
4074,349
4075,400
4076,136
4077,374
4078,180
4079,1516
4080,172
4081,424
4082,151
4083,459
4084,363
4085,382
4086,263
4087,262
4088,96
4089,507
4090,150
4091,288
4092,258
4093,149
4094,224
4095,139
4096,96
4097,412
4098,204
4099,474
4100,187
4101,4147
4102,460
4103,1057
4104,370
4105,529
4106,632
4107,1436
4108,501
4109,667
4110,801
4111,524
4112,148
4113,263
4114,231
4115,137
4116,1960
4117,414
4118,76
4119,900
4120,1014
4121,2076
4122,1018
4123,1300
4124,1117
4125,1290
4126,491
4127,2636
4128,2107
4129,1009
4130,789
4131,892
4132,343
4133,822
4134,181
4135,998
4136,498
4137,245
4138,483
4139,454
4140,78
4141,775
4142,987
4143,2115
4144,567
4145,5223
4146,484
4147,1435
4148,709
4149,2937
4150,2866
4151,939
4152,987
4153,1378
4154,332
4155,348
4156,475
4157,547
4158,404
4159,1305
4160,275
4161,256
4162,1407
4163,454
4164,565
4165,1869
4166,528
4167,1753
4168,189
4169,1732
4170,298
4171,1244
4172,1202
4173,1473
4174,481
4175,340
4176,431
4177,594
4178,229
4179,466
4180,327
4181,318
4182,52
4183,39
4184,50
4185,192
4186,336
4187,317
4188,50
4189,217
4190,61
4191,761
4192,201
4193,151
4194,312
4195,479
4196,195
4197,188
4198,106
4199,55
4200,60
4201,107
4202,24
4203,728
4204,235
4205,277
4206,390
4207,667
4208,695
4209,1000
4210,294
4211,718
4212,200
4213,1064
4214,766
4215,658
4216,875
4217,754
4218,876
4219,881
4220,321
4221,289
4222,297
4223,283
4224,166
4225,954
4226,360
4227,308
4228,86
4229,1472
4230,2271
4231,3620
4232,729
4233,1539
4234,692
4235,3684
4236,2297
4237,2297
4238,3678
4239,1999
4240,1515
4241,1669
4242,1137
4243,469
4244,480
4245,804
4246,168
4247,83
4248,279
4249,164
4250,607
4251,675
4252,513
4253,1412
4254,435
4255,1304
4256,542
4257,882
4258,535
4259,1027
4260,1590
4261,1606
4262,508
4263,703
4264,624
4265,189
4266,409
4267,909
4268,97
4269,40
4270,281
4271,183
4272,45
4273,555
4274,384
4275,883
4276,698
4277,1078
4278,365
4279,467
4280,326
4281,1081
4282,924
4283,564
4284,371
4285,528
4286,263
4287,329
4288,288
4289,569
4290,176
4291,69
4292,591
4293,428
4294,59
4295,895
4296,673
4297,1700
4298,670
4299,790
4300,436
4301,898
4302,506
4303,2011
4304,1424
4305,632
4306,650
4307,587
4308,379
4309,325
4310,287
4311,480
4312,535
4313,268
4314,1039
4315,988
4316,206
4317,1542
4318,1345
4319,3514
4320,918
4321,1926
4322,643
4323,2520
4324,963
4325,2613
4326,2918
4327,1920
4328,1182
4329,1527
4330,671
4331,1301
4332,630
4333,850
4334,747
4335,517
4336,322
4337,472
4338,672
4339,548
4340,653
4341,1073
4342,595
4343,500
4344,118
4345,1064
4346,256
4347,1488
4348,992
4349,550
4350,247
4351,322
4352,192
4353,173
4354,292
4355,483
4356,76
4357,92
4358,900
4359,705
4360,205
4361,2385
4362,274
4363,2310
4364,856
4365,1803
4366,592
4367,568
4368,280
4369,2655
4370,1491
4371,554
4372,323
4373,842
4374,376
4375,1158
4376,180
4377,541
4378,1257
4379,2708
4380,792
4381,458
4382,405
4383,1970
4384,1475
4385,2392
4386,963
4387,1076
4388,354
4389,2592
4390,948
4391,2840
4392,3079
4393,1324
4394,964
4395,1218
4396,774
4397,574
4398,798
4399,1507
4400,266
4401,211
4402,520
4403,661
4404,81
4405,1173
4406,742
4407,2977
4408,1678
4409,559
4410,309
4411,970
4412,216
4413,3387
4414,1688
4415,460
4416,165
4417,357
4418,208
4419,837
4420,233
4421,659
4422,621
4423,288
4424,384
4425,539
4426,933
4427,1006
4428,636
4429,2174
4430,436
4431,785
4432,186
4433,1197
4434,326
4435,2089
4436,1728
4437,782
4438,522
4439,451
4440,337
4441,793
4442,422
4443,596
4444,1112
4445,339
4446,233
4447,101
4448,182
4449,410
4450,418
4451,624
4452,77
4453,500
4454,107
4455,668
4456,293
4457,409
4458,406
4459,678
4460,344
4461,396
4462,224
4463,145
4464,176
4465,143
4466,130
4467,409
4468,407
4469,503
4470,314
4471,1546
4472,1297
4473,1987
4474,549
4475,791
4476,224
4477,2056
4478,606
4479,2987
4480,2277
4481,1509
4482,668
4483,601
4484,450
4485,744
4486,348
4487,524
4488,651
4489,601
4490,210
4491,233
4492,460
4493,529
4494,567
4495,1553
4496,190
4497,533
4498,135
4499,1613
4500,274
4501,1488
4502,1044
4503,1447
4504,326
4505,286
4506,238
4507,283
4508,83
4509,284
4510,291
4511,27
4512,29
4513,47
4514,30
4515,96
4516,213
4517,424
4518,169
4519,65
4520,33
4521,135
4522,37
4523,347
4524,184
4525,48
4526,87
4527,93
4528,23
4529,99
4530,48
4531,62
4532,72
4533,763
4534,232
4535,107
4536,583
4537,626
4538,431
4539,634
4540,146
4541,1130
4542,140
4543,1643
4544,265
4545,474
4546,363
4547,1486
4548,366
4549,318
4550,449
4551,255
4552,239
4553,222
4554,106
4555,346
4556,142
4557,107
4558,230
4559,364
4560,214
4561,352
4562,101
4563,518
4564,93
4565,757
4566,152
4567,222
4568,232
4569,745
4570,243
4571,197
4572,247
4573,146
4574,137
4575,134
4576,74
4577,698
4578,254
4579,134
4580,727
4581,558
4582,316
4583,567
4584,162
4585,1161
4586,164
4587,1153
4588,280
4589,341
4590,322
4591,1094
4592,384
4593,316
4594,413
4595,273
4596,215
4597,226
4598,114
4599,116
4600,52
4601,26
4602,114
4603,106
4604,91
4605,171
4606,27
4607,164
4608,26
4609,298
4610,25
4611,107
4612,74
4613,353
4614,61
4615,54
4616,35
4617,35
4618,29
4619,59
4620,24
4621,545
4622,222
4623,220
4624,744
4625,620
4626,526
4627,825
4628,169
4629,889
4630,145
4631,1673
4632,301
4633,575
4634,593
4635,1688
4636,482
4637,476
4638,340
4639,573
4640,198
4641,409
4642,169
4643,314
4644,158
4645,127
4646,207
4647,306
4648,222
4649,451
4650,103
4651,596
4652,99
4653,829
4654,151
4655,308
4656,252
4657,928
4658,283
4659,224
4660,225
4661,135
4662,82
4663,143
4664,70
4665,374
4666,195
4667,166
4668,806
4669,492
4670,279
4671,602
4672,158
4673,1010
4674,133
4675,1041
4676,260
4677,432
4678,378
4679,1100
4680,397
4681,377
4682,228
4683,338
4684,157
4685,256
4686,127
4687,577
4688,246
4689,79
4690,546
4691,586
4692,400
4693,619
4694,87
4695,1390
4696,151
4697,1372
4698,249
4699,647
4700,487
4701,1805
4702,368
4703,415
4704,369
4705,344
4706,258
4707,258
4708,125
4709,143
4710,430
4711,119
4712,72
4713,293
4714,585
4715,1346
4716,362
4717,1882
4718,964
4719,994
4720,283
4721,965
4722,1911
4723,536
4724,306
4725,529
4726,228
4727,441
4728,106
4729,404
4730,381
4731,425
4732,177
4733,271
4734,59
4735,493
4736,245
4737,761
4738,168
4739,146
4740,54
4741,910
4742,197
4743,560
4744,468
4745,439
4746,154
4747,262
4748,175
4749,65
4750,102
4751,562
4752,78
4753,296
4754,113
4755,52
4756,90
4757,148
4758,101
4759,313
4760,40
4761,87
4762,20
4763,323
4764,57
4765,200
4766,192
4767,255
4768,72
4769,92
4770,62
4771,25
4772,77
4773,137
4774,41
4775,184
4776,59
4777,106
4778,466
4779,343
4780,206
4781,1079
4782,164
4783,1896
4784,242
4785,808
4786,234
4787,526
4788,346
4789,651
4790,454
4791,299
4792,835
4793,233
4794,278
4795,208
4796,164
4797,124
4798,255
4799,430
4800,472
4801,578
4802,178
4803,796
4804,317
4805,1360
4806,206
4807,442
4808,235
4809,962
4810,609
4811,461
4812,928
4813,448
4814,254
4815,607
4816,338
4817,554
4818,339
4819,40
4820,87
4821,83
4822,28
4823,164
4824,89
4825,178
4826,63
4827,458
4828,83
4829,321
4830,125
4831,179
4832,210
4833,299
4834,96
4835,127
4836,111
4837,121
4838,69
4839,56
4840,68
4841,224
4842,176
4843,320
4844,237
4845,665
4846,461
4847,1865
4848,816
4849,6475
4850,1402
4851,2001
4852,1056
4853,1769
4854,1537
4855,1510
4856,1048
4857,1185
4858,997
4859,1359
4860,428
4861,299
4862,580
4863,206
4864,368
4865,372
4866,238
4867,321
4868,320
4869,1083
4870,346
4871,2269
4872,278
4873,727
4874,356
4875,1086
4876,1037
4877,698
4878,1081
4879,516
4880,427
4881,719
4882,135
4883,372
4884,466
4885,131
4886,369
4887,266
4888,91
4889,348
4890,441
4891,770
4892,274
4893,1962
4894,287
4895,934
4896,398
4897,763
4898,831
4899,954
4900,700
4901,390
4902,468
4903,452
4904,144
4905,246
4906,278
4907,171
4908,11
4909,30
4910,214
4911,23
4912,45
4913,253
4914,86
4915,639
4916,14
4917,262
4918,33
4919,245
4920,125
4921,407
4922,43
4923,28
4924,39
4925,119
4926,13
4927,30
4928,41
4929,140
4930,215
4931,114
4932,109
4933,319
4934,220
4935,598
4936,177
4937,2522
4938,207
4939,579
4940,236
4941,501
4942,452
4943,731
4944,404
4945,369
4946,523
4947,366
4948,133
4949,131
4950,193
4951,274
4952,88
4953,156
4954,281
4955,231
4956,197
4957,676
4958,242
4959,1998
4960,99
4961,711
4962,156
4963,665
4964,426
4965,1066
4966,335
4967,327
4968,397
4969,763
4970,99
4971,151
4972,301
4973,190
4974,42
4975,53
4976,300
4977,230
4978,74
4979,205
4980,35
4981,322
4982,34
4983,189
4984,54
4985,139
4986,134
4987,98
4988,101
4989,98
4990,76
4991,84
4992,106
4993,112
4994,54
4995,74
4996,48
4997,39
4998,17
4999,88
5000,189
5001,266
5002,60
5003,224
5004,23
5005,311
5006,149
5007,206
5008,271
5009,313
5010,116
5011,113
5012,96
5013,40
5014,18
5015,47
5016,24
5017,50
5018,51
5019,35
5020,31
5021,69
5022,94
5023,212
5024,16
5025,62
5026,11
5027,171
5028,77
5029,177
5030,147
5031,164
5032,106
5033,123
5034,40
5035,76
5036,17
5037,70
5038,30
5039,238
5040,77
5041,40
5042,105
5043,373
5044,427
5045,571
5046,97
5047,673
5048,97
5049,1281
5050,341
5051,330
5052,1047
5053,867
5054,313
5055,340
5056,287
5057,122
5058,174
5059,152
5060,57
5061,14
5062,72
5063,154
5064,13
5065,185
5066,107
5067,608
5068,363
5069,177
5070,90
5071,138
5072,60
5073,825
5074,332
5075,346
5076,68
5077,90
5078,102
5079,369
5080,34
5081,163
5082,180
5083,217
5084,170
5085,147
5086,169
5087,310
5088,565
5089,611
5090,140
5091,367
5092,80
5093,719
5094,337
5095,637
5096,961
5097,821
5098,348
5099,286
5100,154
5101,114
5102,120
5103,222
5104,65
5105,117
5106,127
5107,26
5108,32
5109,219
5110,181
5111,346
5112,53
5113,293
5114,90
5115,459
5116,134
5117,342
5118,317
5119,291
5120,118
5121,121
5122,156
5123,52
5124,89
5125,117
5126,35
5149,279
5150,159
5151,37
5152,65
5153,458
5154,497
5155,387
5156,43
5157,996
5158,147
5159,881
5160,267
5161,332
5162,505
5163,720
5164,335
5165,313
5166,355
5167,103
5168,267
5169,126
5170,60
5171,238
5172,239
5173,161
5174,319
5175,431
5176,150
5177,495
5178,93
5179,737
5180,120
5181,372
5182,122
5183,411
5184,412
5185,217
5186,220
5187,277
5188,100
5189,225
5190,272
5191,208
5192,200
5193,133
5194,140
5195,68
5196,53
5197,357
5198,515
5199,570
5200,163
5201,672
5202,213
5203,638
5204,193
5205,455
5206,1023
5207,338
5208,183
5209,393
5210,222
5211,110
5212,187
5213,320
5214,62
5215,19
5216,40
5217,79
5218,19
5219,66
5220,78
5221,245
5222,47
5223,26
5224,12
5225,66
5226,58
5227,147
5228,188
5229,40
5230,86
5231,245
5232,13
5233,45
5234,50
5235,154
5236,51
5237,59
5238,254
5239,223
5240,72
5241,803
5242,251
5243,531
5244,630
5245,402
5246,133
5247,438
5248,219
5249,1115
5250,718
5251,293
5252,197
5253,334
5254,121
5255,129
5256,419
5257,519
5258,84
5259,210
5260,488
5261,477
5262,176
5263,1035
5264,357
5265,728
5266,394
5267,1008
5268,177
5269,1001
5270,282
5271,1101
5272,1028
5273,853
5274,354
5275,595
5276,303
5277,198
5278,808
5279,591
5280,170
5281,20
5282,533
5283,44
5284,72
5285,339
5286,100
5287,270
5288,82
5289,311
5290,25
5291,358
5292,52
5293,399
5294,371
5295,214
5296,239
5297,211
5298,78
5299,129
5300,285
5301,107
5302,25
5303,40
5304,89
5305,50
5306,71
5307,382
5308,85
5309,247
5310,95
5311,189
5312,86
5313,263
5314,63
5315,368
5316,249
5317,144
5318,37
5319,142
5320,59
5321,19
5322,396
5323,229
5324,8
5325,472
5326,55
5327,52
5328,54
5329,249
5330,266
5331,352
5332,137
5333,306
5334,91
5335,636
5336,213
5337,268
5338,659
5339,265
5340,231
5341,225
5342,81
5343,47
5344,50
5345,160
5346,19
5347,93
5348,75
5349,76
5350,48
5351,175
5352,148
5353,147
5354,31
5355,420
5356,147
5357,316
5358,74
5359,131
5360,108
5361,324
5362,173
5363,273
5364,97
5365,81
5366,108
5367,242
5368,58
